{"eval/loss": 1.2934504747390747, "eval/accuracy": 0.6463414634146342, "eval/recall": 0.6666666666666666, "eval/precision": 0.5853658536585366, "eval/f1": 0.6233766233766234, "eval/runtime": 18.4177, "eval/samples_per_second": 4.452, "eval/steps_per_second": 0.326, "train/epoch": 30.0, "train/global_step": 2790, "_timestamp": 1702076098.1596577, "_runtime": 26998.742062807083, "_step": 35, "train/loss": 0.1279, "train/learning_rate": 2.078853046594982e-06, "train/train_runtime": 27000.9337, "train/train_samples_per_second": 1.64, "train/train_steps_per_second": 0.103, "train/total_flos": 2916844489359360.0, "train/train_loss": 0.27100956004153015}