{"eval/loss": 1.2890479564666748, "eval/accuracy": 0.6951219512195121, "eval/recall": 0.7777777777777778, "eval/precision": 0.6222222222222222, "eval/f1": 0.6913580246913581, "eval/runtime": 5.5684, "eval/samples_per_second": 14.726, "eval/steps_per_second": 1.078, "train/epoch": 30.0, "train/global_step": 2790, "_timestamp": 1702044728.3064137, "_runtime": 1683.487530708313, "_step": 35, "train/loss": 0.0775, "train/learning_rate": 2.078853046594982e-06, "train/train_runtime": 1685.6763, "train/train_samples_per_second": 26.268, "train/train_steps_per_second": 1.655, "train/total_flos": 847071846169920.0, "train/train_loss": 0.22201610551512796}