{"eval/loss": 2.7374775409698486, "eval/runtime": 0.45, "eval/samples_per_second": 11.111, "eval/steps_per_second": 2.222, "train/epoch": 1.0, "train/global_step": 23, "_timestamp": 1701352331.220441, "_runtime": 331.2163519859314, "_step": 12, "train/train_runtime": 85.6408, "train/train_samples_per_second": 1.576, "train/train_steps_per_second": 0.806, "train/total_flos": 4411631880192.0, "train/train_loss": 2.8273826267408286}