{"eval/loss": 1.9165416955947876, "eval/accuracy": 0.573170731707317, "eval/recall": 0.4722222222222222, "eval/precision": 0.5151515151515151, "eval/f1": 0.49275362318840576, "eval/runtime": 5.5961, "eval/samples_per_second": 14.653, "eval/steps_per_second": 1.072, "train/epoch": 30.0, "train/global_step": 2790, "_timestamp": 1702046323.2957153, "_runtime": 1434.670514345169, "_step": 35, "train/loss": 0.0675, "train/learning_rate": 2.078853046594982e-06, "train/train_runtime": 1436.9005, "train/train_samples_per_second": 30.816, "train/train_steps_per_second": 1.942, "train/total_flos": 682153805396784.0, "train/train_loss": 0.22917113218683496}