{"eval/loss": 0.5434005856513977, "eval/accuracy": 0.9, "eval/runtime": 0.4446, "eval/samples_per_second": 22.492, "eval/steps_per_second": 2.249, "train/epoch": 10.0, "train/global_step": 120, "_timestamp": 1701881509.1644654, "_runtime": 314.38038754463196, "_step": 10, "train/train_runtime": 316.5513, "train/train_samples_per_second": 5.686, "train/train_steps_per_second": 0.379, "train/total_flos": 51310739711616.0, "train/train_loss": 0.6455763498942058, "_wandb": {"runtime": 313}}