{"eval/loss": 2.756089687347412, "eval/runtime": 1.1842, "eval/samples_per_second": 4.222, "eval/steps_per_second": 0.844, "train/epoch": 1.0, "train/global_step": 23, "_timestamp": 1701356572.4173024, "_runtime": 1975.666538476944, "_step": 30, "train/train_runtime": 55.475, "train/train_samples_per_second": 2.434, "train/train_steps_per_second": 1.244, "train/total_flos": 4376051275776.0, "train/train_loss": 2.815945169200068}