{"train/loss": 0.047, "train/learning_rate": 0.0, "train/epoch": 30.0, "train/global_step": 1350, "_timestamp": 1702039299.2275994, "_runtime": 3506.6675283908844, "_step": 61, "eval/loss": 1.0430514812469482, "eval/accuracy": 0.775, "eval/recall": 0.7894736842105263, "eval/precision": 0.75, "eval/f1": 0.7692307692307692, "eval/runtime": 8.3177, "eval/samples_per_second": 4.809, "eval/steps_per_second": 0.361, "train/train_runtime": 3271.5738, "train/train_samples_per_second": 6.602, "train/train_steps_per_second": 0.413, "train/total_flos": 632734333522368.0, "train/train_loss": 0.21000376833809747}