{"eval/loss": 1.3234918117523193, "eval/runtime": 0.4729, "eval/samples_per_second": 10.574, "eval/steps_per_second": 2.115, "train/epoch": 3.0, "train/global_step": 69, "_timestamp": 1701356958.8067963, "_runtime": 311.5310204029083, "_step": 39, "train/train_runtime": 37.869, "train/train_samples_per_second": 3.565, "train/train_steps_per_second": 1.822, "train/total_flos": 4441040338944.0, "train/train_loss": 2.73065649944803}