{"eval/loss": 1.0259370803833008, "eval/accuracy": 0.775, "eval/recall": 0.8421052631578947, "eval/precision": 0.7272727272727273, "eval/f1": 0.7804878048780488, "eval/runtime": 6.5502, "eval/samples_per_second": 6.107, "eval/steps_per_second": 0.458, "train/epoch": 30.0, "train/global_step": 1350, "_timestamp": 1702042365.284928, "_runtime": 2253.0318791866302, "_step": 32, "train/loss": 0.0911, "train/learning_rate": 5.185185185185185e-06, "train/train_runtime": 2256.6788, "train/train_samples_per_second": 9.572, "train/train_steps_per_second": 0.598, "train/total_flos": 632734333522368.0, "train/train_loss": 0.21001612345377604}