{"eval/loss": 0.6796095371246338, "eval/accuracy": 0.6, "eval/runtime": 0.3515, "eval/samples_per_second": 14.224, "eval/steps_per_second": 2.845, "train/epoch": 10.0, "train/global_step": 60, "_timestamp": 1701880610.444633, "_runtime": 153.58538389205933, "_step": 10, "train/train_runtime": 155.68, "train/train_samples_per_second": 5.781, "train/train_steps_per_second": 0.385, "train/total_flos": 22770607444536.0, "train/train_loss": 0.6828503290812175, "_wandb": {"runtime": 151}}