{"eval/loss": 0.5786334872245789, "eval/accuracy": 0.6, "eval/runtime": 0.3608, "eval/samples_per_second": 13.86, "eval/steps_per_second": 2.772, "train/epoch": 20.0, "train/global_step": 120, "_timestamp": 1701880969.6163085, "_runtime": 157.7553424835205, "_step": 20, "train/train_runtime": 159.5992, "train/train_samples_per_second": 11.278, "train/train_steps_per_second": 0.752, "train/total_flos": 45530922274992.0, "train/train_loss": 0.5571385701497396, "_wandb": {"runtime": 154}}