{"eval/loss": 0.6937277317047119, "eval/accuracy": 0.4, "eval/runtime": 0.2856, "eval/samples_per_second": 17.505, "eval/steps_per_second": 3.501, "train/epoch": 2.0, "train/global_step": 12, "_timestamp": 1701880167.9090495, "_runtime": 31.643834590911865, "_step": 2, "train/train_runtime": 34.0393, "train/train_samples_per_second": 5.288, "train/train_steps_per_second": 0.353, "train/total_flos": 4638623850504.0, "train/train_loss": 0.6955018838246664, "_wandb": {"runtime": 29}}