{"eval/loss": 1.3234918117523193, "eval/runtime": 0.456, "eval/samples_per_second": 10.964, "eval/steps_per_second": 2.193, "train/epoch": 3.0, "train/global_step": 69, "_timestamp": 1701872832.2997618, "_runtime": 231.52900385856628, "_step": 39, "train/train_runtime": 44.5483, "train/train_samples_per_second": 3.03, "train/train_steps_per_second": 1.549, "train/total_flos": 4441040338944.0, "train/train_loss": 2.73065649944803}